Restaurant,Address
1. The Courtyard Restaurant Syon Park,Park RoadHillier Garden Centre Syon ParkTW8 8JF Brentford 
2. Gola restaurant,787 Fulham RoadSW6 5HD London 
3. EasyRams,1 Pikes EndEnglish FranktonSY12 0JZ Ellesmere 
4. bp,700 Green LanesN21 3RL London 
5. Mulberry & Thyme Coffee Shop Dorking,"Reigate RoadHillier Garden Centre A25, BrockhamRH4 1NP Dorking "
6. The Hawksmoor,Rowbotham StreetSK14 5RP Hyde 
7. Honourable Pilot Cookhouse + Pub,Will Adams WayME8 6BY Gillingham 
8. Southend On Sea Brewers Fayre,Eastern EsplanadeSS1 2YT Southend on Sea 
9. Revolution Wilmslow,27 Alderley RoadSK9 1HY Wilmslow 
10. Beefeater Uxbridge,Phase 500Riverside WayUB8 2YF Uxbridge 
11. Revolution Nottingham - Cornerhouse,The Corner HouseForeman StNG1 4DB Nottingham 
12. The Highwayman Beefeater,Baslow RoadEastmoorS42 7DA Chesterfield 
13. Cecconi's Mayfair,5A Burlington GardensW1S 3EP London 
"14. The Co-operative Food Frome, Nunney Road",1a Nunney RoadBA11 4LA Frome 
15. Bloomsbury Street Kitchen,9-13 Bloomsbury StreetWC1B 3QD London 
16. bp pulse Charging Station,"Dunkeld RdPerth SF Connect, The TrianglePH1 3GA Perth "
17. Gordano Gate Brewers Fayre,Wyndham WayBS20 7GA Portishead 
18. Heald Green Beefeater,Finney LaneHeald GreenSK8 3QH Stockport 
19. The Barn (Milton Keynes) Beefeater,Secklow Gate WestMK9 3BZ Milton Keynes 
20. Lodmoor Brewers Fayre,Preston Beach RoadDT4 7SX Weymouth 
